{
	"title": "starter world",
	"sounds":[
		"Welcome.ogg",
		"BadEnding.ogg",
		"GoodEnding.ogg",
		"Pyramid.ogg",
		"Cube.ogg",
		"Sphere.ogg",
		"Chirp.ogg",
		"GreatJob.ogg",
		"SoFast.ogg"
	],
	"texW": 32,
	"texH": 32,
	"textures": [
		"1.png",
		"2.png",
		"3.png",
		"4.png",
		"5.png",
		"6.png",
		"7.png",
		"8.png",
		"9.png",
		"10.png",
		"11.png",
		"12.png",
		"13.png",
		"14.png",
		"15.png",
		"16.png",
		"17.png",
		"18.png",
		"19.png",
		"20.png",
		"21.png",
		"22.png",
		"23.png",
		"23.png",
		"24.png",
		"25.png",
		"SkyBoxDay.png",
		"hand/1.png",
		"hand/2.png",
		"hand/3.png",
		"Pyramid.png",
		"Cube.png",
		"Sphere.png",
		"hand/HoldPyramid.png",
		"hand/HoldCube.png",
		"hand/HoldSphere.png",
		"hand/deposit.png",
		"hand/ok.png",
		"SkyBoxNight.png",
		"child/head.png",
		"child/body.png"
	],
	"tiles": [],
	"blocks": [
		{
			"render":1,
			"texture":[1],
			"luminance":0,
			"collision":1
		},
		{
			"render":1,
			"texture":[2],
			"luminance":0,
			"collision":1
		},
		{
			"render":1,
			"texture":[3],
			"luminance":0,
			"collision":1
		},
		{
			"render":1,
			"texture":[4],
			"luminance":0,
			"collision":1
		},
		{
			"render":1,
			"texture":[5],
			"luminance":0,
			"collision":1
		},
		{
			"render":1,
			"texture":[6],
			"luminance":0,
			"collision":1
		},
		{
			"render":1,
			"texture":[7],
			"luminance":0,
			"collision":1
		},
		{
			"render":1,
			"texture":[8],
			"luminance":0,
			"collision":1
		},
		{
			"render":1,
			"texture":[9],
			"luminance":0,
			"collision":1
		},
		{
			"render":1,
			"texture":[10],
			"luminance":0,
			"collision":1
		},
		{
			"render":1,
			"texture":[17],
			"luminance":0,
			"collision":1
		},
		{
			"render":1,
			"texture":[18],
			"luminance":0,
			"collision":1
		},
		{
			"render":1,
			"texture":[19],
			"luminance":0,
			"collision":1
		},
		{
			"render":1,
			"texture":[21],
			"luminance":0,
			"collision":1
		},
		{
			"render":1,
			"texture":[22],
			"luminance":0,
			"collision":1
		}
	],
	"sprite":[
		{"tex":26,"w":16,"h":16,"dirs":1,"sw":1,"sh":1},
		{"tex":31,"w":32,"h":32,"dirs":1,"sw":0.5,"sh":0.5},
		{"tex":32,"w":32,"h":32,"dirs":1,"sw":0.5,"sh":0.5},
		{"tex":33,"w":32,"h":32,"dirs":1,"sw":0.5,"sh":0.5},
		{"tex":40,"w":64,"h":64,"dirs":8,"sw":0.5,"sh":0.5},
		{"tex":41,"w":64,"h":64,"dirs":8,"sw":0.5,"sh":0.5}
	],
	"map": [
		{
			"title":"Yard",
			"skybox":26,
			"gridW": 12,
			"grid": [
				3,3,3,1,1,4,4,1,1,3,3,3,
				3,0,0,1,1,0,0,1,1,0,0,3,
				3,0,0,0,0,0,0,0,0,0,0,3,
				3,0,0,0,0,0,0,0,0,0,0,3,
				3,0,0,0,0,0,0,0,0,0,0,3,
				3,0,0,0,0,0,0,0,0,0,0,3,
				3,0,0,0,0,0,0,0,0,0,0,3,
				3,0,0,0,0,0,0,0,0,0,0,3,
				3,0,0,0,0,0,0,0,0,0,0,3,
				3,0,4,0,0,0,0,0,0,0,0,3,
				3,0,0,0,0,0,0,0,0,0,0,3,
				3,3,3,3,3,3,3,3,3,3,3,3
			],
			"floor": [
				12,12,12,12,12,12,12,12,12,12,12,12,
				12,12,12,12,12,12,12,12,12,12,12,12,
				12,12,12,12,12,12,12,12,12,12,12,12,
				12,12,12,12,12,12,12,12,12,12,12,12,
				12,12,12,12,12,12,12,12,12,12,12,12,
				12,12,12,12,12,12,12,12,12,12,12,12,
				12,12,12,12,12,14,14,12,12,12,12,12,
				12,12,12,12,12,14,14,12,12,12,12,12,
				12,12,12,12,12,12,12,12,12,12,12,12,
				12,12,12,12,12,12,12,12,12,12,12,12,
				12,12,12,12,12,12,12,12,12,12,12,12,
				12,12,12,12,12,12,12,12,12,12,12,12
			],
			"ceil": [
				
			],
			"object": [
				{"x":6,"y":7,"z":0,"d":0,"tile":1}
			],
			"fog":{}
		},
		{
			"title":"Indoors",
			"skybox":false,
			"gridW": 16,
			"grid": [
				2,2,14,2,2,2,2,2,2,2,2,2,2,2,2,2,
				2,0,0,0,2,7,7,7,7,7,7,7,7,7,7,7,
				2,0,0,0,2,7,7,7,7,7,7,7,7,7,7,7,
				2,0,0,0,2,7,7,7,7,7,7,7,7,7,7,7,
				2,0,0,0,2,7,7,7,7,7,7,7,7,7,7,7,
				2,0,0,0,2,7,7,7,7,7,7,7,7,7,7,7,
				2,0,0,0,0,0,0,0,0,0,0,0,0,0,0,11,
				2,0,0,0,2,7,0,7,7,7,7,7,7,7,7,7,
				2,0,0,0,2,7,0,0,0,0,0,0,0,0,0,7,
				2,0,0,0,2,7,7,7,0,7,7,7,7,7,7,7,
				2,0,0,0,0,0,0,0,0,0,0,0,0,0,0,13,
				2,0,0,0,2,7,7,0,7,7,7,7,7,7,7,7,
				2,0,0,0,2,7,0,0,0,0,0,0,0,0,0,7,
				2,0,0,0,2,7,7,7,0,7,7,7,7,7,7,7,
				2,0,0,0,0,0,0,0,0,0,0,0,0,0,0,12,
				2,0,0,0,2,7,7,0,7,7,7,7,7,7,7,7,
				2,0,0,0,2,7,7,0,7,7,7,7,7,7,7,7,
				2,0,0,0,2,7,2,0,2,2,2,10,2,7,7,7,
				2,2,0,2,2,2,10,0,0,0,0,0,2,2,2,2,
				2,2,4,2,2,2,2,2,2,8,9,2,2,2,2,2
			],
			"floor": [
				10,10,10,10,10,10,10,10,10,10,10,13,13,13,13,13
			],
			"ceil": [
				11,11,11,11,11,11,11,11,11,11,11,15,15,15,15,15
			],
			"object": [],
			"fog":{}
		}
	]
}